last_name,first_name,intake_dt,exit_dt,release_reason
Johnson,Anthony,7/18/2019,3/31/2019,c
Houston,Dennis,1/20/2018,1/12/2019,c
Smith,Jonathan,1/8/2018,10/24/2019,c
Reynolds,Melanie,5/20/2019,7/24/2019,c
Griffin,Tyler,11/16/2019,6/20/2019,b
Farmer,Kathryn,2/25/2019,3/28/2019,c
Perez,Denise,6/18/2019,8/3/2019,c
Landry,Kristina,6/18/2018,4/1/2019,a
Griffith,Shannon,10/24/2018,7/12/2019,c
Valenzuela,Clifford,11/24/2018,5/15/2019,b
